Attempt,Test Score
0,-89.31829517083135
1,63.51472995154424
2,270.02282903930256
