Attempt,Test Score
0,-63.09553953670411
1,-580.8187814267317
2,-1351.747419296211
3,-693.5153275063087
4,-1414.9356580192518
