Attempt,Test Score
0,-75.51268386655136
1,-590.0006090548686
2,-158.6343859659008
