Attempt,Test Score
0,-124.59567175865493
1,-471.04076847406833
2,156.932061847496
