Attempt,Test Score
0,-269.25470607490354
1,-351.2347633028071
2,-1828.1278823136206
