Attempt,Test Score
0,-226.34522610790324
1,175.59650985370376
2,-0.336294202100369
