Attempt,Test Score
0,496.1148642688288
1,-408.96903510056507
2,946.7848493985234
