Attempt,Test Score
0,956.7085669104852
1,74.32026347248006
2,-504.93969849064194
