Attempt,Test Score
0,-583.2923062854434
1,971.789405806211
2,670.7101357510924
