Attempt,Test Score
0,660.2384918963332
1,-82.6375920823711
2,-331.01171526175847
