Attempt,Test Score
0,-573.9800429303784
1,-1001.8442941395838
2,335.70237833522793
